Model,Accuracy,AUC,Precision,Recall,F1,MCC
Logistic Regression,0.934010152284264,0.9840239125953412,0.9473684210526315,0.9183673469387755,0.9326424870466321,0.868399506201315
Decision Tree,0.9137055837563451,0.9134199134199134,0.900990099009901,0.9285714285714286,0.914572864321608,0.827817340352467
K-Nearest Neighbor,0.8984771573604061,0.9516594516594516,0.9431818181818182,0.8469387755102041,0.8924731182795699,0.8009874140588569
Naive Bayes (Gaussian),0.8375634517766497,0.9554730983302412,0.9714285714285714,0.6938775510204082,0.8095238095238095,0.7037696401149082
Random Forest,0.949238578680203,0.9782519068233353,0.9782608695652174,0.9183673469387755,0.9473684210526315,0.9001157423381606
Gradient Boosting,0.9137055837563451,0.9408884766027623,0.900990099009901,0.9285714285714286,0.914572864321608,0.827817340352467
